Id,Label,fips,Modularity Class
0,"Autauga County, Alabama",01001,1
1,"Baldwin County, Alabama",01003,27
2,"Bibb County, Alabama",01007,1
3,"Blount County, Alabama",01009,1
4,"Calhoun County, Alabama",01015,1
5,"Chambers County, Alabama",01017,1
6,"Chilton County, Alabama",01021,1
7,"Coffee County, Alabama",01031,0
8,"Colbert County, Alabama",01033,1
9,"Coosa County, Alabama",01037,1
10,"Crenshaw County, Alabama",01041,1
11,"Cullman County, Alabama",01043,1
12,"Dale County, Alabama",01045,0
13,"DeKalb County, Alabama",01049,1
14,"Elmore County, Alabama",01051,1
15,"Etowah County, Alabama",01055,1
16,"Fayette County, Alabama",01057,1
17,"Franklin County, Alabama",01059,1
18,"Geneva County, Alabama",01061,0
19,"Hale County, Alabama",01065,1
20,"Henry County, Alabama",01067,0
21,"Houston County, Alabama",01069,0
22,"Jackson County, Alabama",01071,1
23,"Jefferson County, Alabama",01073,1
24,"Lauderdale County, Alabama",01077,1
25,"Lawrence County, Alabama",01079,1
26,"Lee County, Alabama",01081,1
27,"Limestone County, Alabama",01083,1
28,"Lowndes County, Alabama",01085,1
29,"Macon County, Alabama",01087,1
30,"Madison County, Alabama",01089,1
31,"Marshall County, Alabama",01095,1
32,"Mobile County, Alabama",01097,27
33,"Montgomery County, Alabama",01101,1
34,"Morgan County, Alabama",01103,1
35,"Pickens County, Alabama",01107,1
36,"Russell County, Alabama",01113,1
37,"St. Clair County, Alabama",01115,1
38,"Shelby County, Alabama",01117,1
39,"Talladega County, Alabama",01121,1
40,"Tallapoosa County, Alabama",01123,1
41,"Tuscaloosa County, Alabama",01125,1
42,"Walker County, Alabama",01127,1
43,"Matanuska-Susitna Borough, Alaska",02170,85
44,"Apache County, Arizona",04001,86
45,"Cochise County, Arizona",04003,87
46,"Maricopa County, Arizona",04013,87
47,"Mohave County, Arizona",04015,87
48,"Pima County, Arizona",04019,87
49,"Pinal County, Arizona",04021,87
50,"Yavapai County, Arizona",04025,87
51,"Benton County, Arkansas",05007,5
52,"Clay County, Arkansas",05021,2
53,"Cleveland County, Arkansas",05025,3
54,"Conway County, Arkansas",05029,3
55,"Craighead County, Arkansas",05031,2
56,"Crawford County, Arkansas",05033,4
57,"Crittenden County, Arkansas",05035,54
58,"Faulkner County, Arkansas",05045,3
59,"Garland County, Arkansas",05051,3
60,"Grant County, Arkansas",05053,3
61,"Greene County, Arkansas",05055,2
62,"Hot Spring County, Arkansas",05059,3
63,"Jefferson County, Arkansas",05069,3
64,"Lawrence County, Arkansas",05075,2
65,"Little River County, Arkansas",05081,57
66,"Logan County, Arkansas",05083,4
67,"Lonoke County, Arkansas",05085,3
68,"Madison County, Arkansas",05087,5
69,"Marion County, Arkansas",05089,88
70,"Miller County, Arkansas",05091,57
71,"Newton County, Arkansas",05101,89
72,"Perry County, Arkansas",05105,3
73,"Poinsett County, Arkansas",05111,2
74,"Pulaski County, Arkansas",05119,3
75,"Saline County, Arkansas",05125,3
76,"Sebastian County, Arkansas",05131,4
77,"Sharp County, Arkansas",05135,90
78,"Washington County, Arkansas",05143,5
79,"White County, Arkansas",05145,3
80,"Yell County, Arkansas",05149,91
81,"Alameda County, California",06001,6
82,"Amador County, California",06005,6
83,"Butte County, California",06007,6
84,"Calaveras County, California",06009,6
85,"Contra Costa County, California",06013,6
86,"El Dorado County, California",06017,6
87,"Fresno County, California",06019,87
88,"Glenn County, California",06021,6
89,"Kern County, California",06029,87
90,"Kings County, California",06031,87
91,"Lake County, California",06033,6
92,"Los Angeles County, California",06037,87
93,"Madera County, California",06039,87
94,"Marin County, California",06041,6
95,"Merced County, California",06047,6
96,"Monterey County, California",06053,6
97,"Napa County, California",06055,6
98,"Nevada County, California",06057,6
99,"Orange County, California",06059,87
100,"Placer County, California",06061,6
101,"Riverside County, California",06065,87
102,"Sacramento County, California",06067,6
103,"San Benito County, California",06069,6
104,"San Bernardino County, California",06071,87
105,"San Diego County, California",06073,87
106,"San Francisco County, California",06075,6
107,"San Joaquin County, California",06077,6
108,"San Luis Obispo County, California",06079,87
109,"San Mateo County, California",06081,6
110,"Santa Barbara County, California",06083,87
111,"Santa Clara County, California",06085,6
112,"Santa Cruz County, California",06087,6
113,"Shasta County, California",06089,6
114,"Solano County, California",06095,6
115,"Sonoma County, California",06097,6
116,"Stanislaus County, California",06099,6
117,"Sutter County, California",06101,6
118,"Tehama County, California",06103,6
119,"Tulare County, California",06107,87
120,"Ventura County, California",06111,87
121,"Yolo County, California",06113,6
122,"Yuba County, California",06115,6
123,"Adams County, Colorado",08001,7
124,"Arapahoe County, Colorado",08005,7
125,"Boulder County, Colorado",08013,7
126,"Broomfield County, Colorado",08014,7
127,"Clear Creek County, Colorado",08019,7
128,"Conejos County, Colorado",08021,92
129,"Denver County, Colorado",08031,7
130,"Douglas County, Colorado",08035,7
131,"Eagle County, Colorado",08037,93
132,"Elbert County, Colorado",08039,7
133,"El Paso County, Colorado",08041,7
134,"Garfield County, Colorado",08045,93
135,"Jefferson County, Colorado",08059,7
136,"Larimer County, Colorado",08069,7
137,"Mesa County, Colorado",08077,93
138,"Park County, Colorado",08093,7
139,"Pueblo County, Colorado",08101,7
140,"Teller County, Colorado",08119,7
141,"Weld County, Colorado",08123,7
142,"Fairfield County, Connecticut",09001,47
143,"Hartford County, Connecticut",09003,49
144,"Litchfield County, Connecticut",09005,49
145,"Middlesex County, Connecticut",09007,49
146,"New Haven County, Connecticut",09009,49
147,"New London County, Connecticut",09011,49
148,"Tolland County, Connecticut",09013,49
149,"Windham County, Connecticut",09015,49
150,"Kent County, Delaware",10001,46
151,"New Castle County, Delaware",10003,46
152,"Sussex County, Delaware",10005,46
153,"District of Columbia, District of Columbia",11001,25
154,"Baker County, Florida",12003,9
155,"Bradford County, Florida",12007,9
156,"Brevard County, Florida",12009,9
157,"Broward County, Florida",12011,9
158,"Charlotte County, Florida",12015,9
159,"Citrus County, Florida",12017,9
160,"Clay County, Florida",12019,9
161,"Collier County, Florida",12021,9
162,"Duval County, Florida",12031,9
163,"Escambia County, Florida",12033,27
164,"Flagler County, Florida",12035,9
165,"Gadsden County, Florida",12039,8
166,"Gilchrist County, Florida",12041,9
167,"Hernando County, Florida",12053,9
168,"Hillsborough County, Florida",12057,9
169,"Indian River County, Florida",12061,9
170,"Jefferson County, Florida",12065,8
171,"Lake County, Florida",12069,9
172,"Lee County, Florida",12071,9
173,"Leon County, Florida",12073,8
174,"Levy County, Florida",12075,9
175,"Manatee County, Florida",12081,9
176,"Marion County, Florida",12083,9
177,"Martin County, Florida",12085,9
178,"Miami-Dade County, Florida",12086,9
179,"Monroe County, Florida",12087,9
180,"Nassau County, Florida",12089,9
181,"Okaloosa County, Florida",12091,27
182,"Orange County, Florida",12095,9
183,"Osceola County, Florida",12097,9
184,"Palm Beach County, Florida",12099,9
185,"Pasco County, Florida",12101,9
186,"Pinellas County, Florida",12103,9
187,"Polk County, Florida",12105,9
188,"Putnam County, Florida",12107,9
189,"St. Johns County, Florida",12109,9
190,"St. Lucie County, Florida",12111,9
191,"Santa Rosa County, Florida",12113,27
192,"Sarasota County, Florida",12115,9
193,"Seminole County, Florida",12117,9
194,"Sumter County, Florida",12119,9
195,"Suwannee County, Florida",12121,94
196,"Volusia County, Florida",12127,9
197,"Wakulla County, Florida",12129,8
198,"Walton County, Florida",12131,27
199,"Washington County, Florida",12133,95
200,"Banks County, Georgia",13011,11
201,"Barrow County, Georgia",13013,11
202,"Bartow County, Georgia",13015,11
203,"Bibb County, Georgia",13021,10
204,"Brantley County, Georgia",13025,9
205,"Brooks County, Georgia",13027,96
206,"Bryan County, Georgia",13029,97
207,"Bulloch County, Georgia",13031,97
208,"Burke County, Georgia",13033,52
209,"Camden County, Georgia",13039,9
210,"Carroll County, Georgia",13045,11
211,"Catoosa County, Georgia",13047,55
212,"Chattooga County, Georgia",13055,11
213,"Cherokee County, Georgia",13057,11
214,"Clarke County, Georgia",13059,11
215,"Clayton County, Georgia",13063,11
216,"Cobb County, Georgia",13067,11
217,"Columbia County, Georgia",13073,52
218,"Cook County, Georgia",13075,96
219,"Coweta County, Georgia",13077,11
220,"Dade County, Georgia",13083,55
221,"Dawson County, Georgia",13085,11
222,"DeKalb County, Georgia",13089,11
223,"Douglas County, Georgia",13097,11
224,"Effingham County, Georgia",13103,97
225,"Fayette County, Georgia",13113,11
226,"Floyd County, Georgia",13115,11
227,"Forsyth County, Georgia",13117,11
228,"Fulton County, Georgia",13121,11
229,"Gordon County, Georgia",13129,55
230,"Grady County, Georgia",13131,98
231,"Gwinnett County, Georgia",13135,11
232,"Hall County, Georgia",13139,11
233,"Haralson County, Georgia",13143,11
234,"Harris County, Georgia",13145,1
235,"Hart County, Georgia",13147,99
236,"Henry County, Georgia",13151,11
237,"Houston County, Georgia",13153,10
238,"Jackson County, Georgia",13157,11
239,"Jones County, Georgia",13169,10
240,"Lamar County, Georgia",13171,11
241,"Lanier County, Georgia",13173,96
242,"Lee County, Georgia",13177,100
243,"Liberty County, Georgia",13179,97
244,"Long County, Georgia",13183,97
245,"Lumpkin County, Georgia",13187,11
246,"McDuffie County, Georgia",13189,52
247,"McIntosh County, Georgia",13191,9
248,"Madison County, Georgia",13195,11
249,"Monroe County, Georgia",13207,10
250,"Montgomery County, Georgia",13209,101
251,"Murray County, Georgia",13213,55
252,"Muscogee County, Georgia",13215,1
253,"Newton County, Georgia",13217,11
254,"Oconee County, Georgia",13219,11
255,"Oglethorpe County, Georgia",13221,11
256,"Paulding County, Georgia",13223,11
257,"Peach County, Georgia",13225,10
258,"Pickens County, Georgia",13227,11
259,"Pierce County, Georgia",13229,102
260,"Pike County, Georgia",13231,11
261,"Polk County, Georgia",13233,11
262,"Richmond County, Georgia",13245,52
263,"Rockdale County, Georgia",13247,11
264,"Spalding County, Georgia",13255,11
265,"Twiggs County, Georgia",13289,10
266,"Walker County, Georgia",13295,55
267,"Walton County, Georgia",13297,11
268,"Wayne County, Georgia",13305,97
269,"White County, Georgia",13311,11
270,"Whitfield County, Georgia",13313,55
271,"Worth County, Georgia",13321,100
272,"Ada County, Idaho",16001,12
273,"Bingham County, Idaho",16011,13
274,"Boise County, Idaho",16015,12
275,"Bonneville County, Idaho",16019,13
276,"Canyon County, Idaho",16027,12
277,"Cassia County, Idaho",16031,14
278,"Elmore County, Idaho",16039,12
279,"Franklin County, Idaho",16041,68
280,"Fremont County, Idaho",16043,103
281,"Gem County, Idaho",16045,12
282,"Jefferson County, Idaho",16051,13
283,"Jerome County, Idaho",16053,15
284,"Kootenai County, Idaho",16055,78
285,"Latah County, Idaho",16057,104
286,"Lincoln County, Idaho",16063,105
287,"Minidoka County, Idaho",16067,14
288,"Nez Perce County, Idaho",16069,75
289,"Owyhee County, Idaho",16073,12
290,"Payette County, Idaho",16075,106
291,"Teton County, Idaho",16081,107
292,"Twin Falls County, Idaho",16083,15
293,"Alexander County, Illinois",17003,30
294,"Bond County, Illinois",17005,108
295,"Boone County, Illinois",17007,82
296,"Bureau County, Illinois",17011,82
297,"Carroll County, Illinois",17015,82
298,"Cass County, Illinois",17017,108
299,"Christian County, Illinois",17021,108
300,"Clark County, Illinois",17023,109
301,"Clinton County, Illinois",17027,108
302,"Cook County, Illinois",17031,82
303,"Cumberland County, Illinois",17035,108
304,"DeKalb County, Illinois",17037,82
305,"De Witt County, Illinois",17039,110
306,"Douglas County, Illinois",17041,109
307,"DuPage County, Illinois",17043,82
308,"Fayette County, Illinois",17051,108
309,"Ford County, Illinois",17053,109
310,"Franklin County, Illinois",17055,108
311,"Fulton County, Illinois",17057,110
312,"Greene County, Illinois",17061,108
313,"Grundy County, Illinois",17063,82
314,"Hancock County, Illinois",17067,110
315,"Henderson County, Illinois",17071,110
316,"Henry County, Illinois",17073,16
317,"Iroquois County, Illinois",17075,82
318,"Jasper County, Illinois",17079,108
319,"Jefferson County, Illinois",17081,108
320,"Jersey County, Illinois",17083,108
321,"Jo Daviess County, Illinois",17085,82
322,"Kane County, Illinois",17089,82
323,"Kankakee County, Illinois",17091,82
324,"Kendall County, Illinois",17093,82
325,"Knox County, Illinois",17095,110
326,"Lake County, Illinois",17097,82
327,"LaSalle County, Illinois",17099,82
328,"Lawrence County, Illinois",17101,111
329,"Lee County, Illinois",17103,16
330,"Livingston County, Illinois",17105,82
331,"Logan County, Illinois",17107,108
332,"McHenry County, Illinois",17111,82
333,"McLean County, Illinois",17113,110
334,"Macon County, Illinois",17115,108
335,"Macoupin County, Illinois",17117,108
336,"Madison County, Illinois",17119,108
337,"Marion County, Illinois",17121,108
338,"Marshall County, Illinois",17123,110
339,"Mason County, Illinois",17125,110
340,"Massac County, Illinois",17127,112
341,"Menard County, Illinois",17129,108
342,"Mercer County, Illinois",17131,16
343,"Monroe County, Illinois",17133,108
344,"Montgomery County, Illinois",17135,108
345,"Morgan County, Illinois",17137,108
346,"Moultrie County, Illinois",17139,108
347,"Ogle County, Illinois",17141,82
348,"Peoria County, Illinois",17143,110
349,"Perry County, Illinois",17145,108
350,"Piatt County, Illinois",17147,109
351,"Pike County, Illinois",17149,110
352,"Putnam County, Illinois",17155,82
353,"Randolph County, Illinois",17157,108
354,"Rock Island County, Illinois",17161,16
355,"St. Clair County, Illinois",17163,108
356,"Sangamon County, Illinois",17167,108
357,"Scott County, Illinois",17171,108
358,"Shelby County, Illinois",17173,108
359,"Stark County, Illinois",17175,110
360,"Stephenson County, Illinois",17177,82
361,"Tazewell County, Illinois",17179,110
362,"Vermilion County, Illinois",17183,109
363,"Warren County, Illinois",17187,110
364,"Washington County, Illinois",17189,108
365,"Wayne County, Illinois",17191,108
366,"Whiteside County, Illinois",17195,16
367,"Will County, Illinois",17197,82
368,"Williamson County, Illinois",17199,108
369,"Winnebago County, Illinois",17201,82
370,"Woodford County, Illinois",17203,110
371,"Adams County, Indiana",18001,26
372,"Allen County, Indiana",18003,26
373,"Bartholomew County, Indiana",18005,109
374,"Benton County, Indiana",18007,109
375,"Blackford County, Indiana",18009,109
376,"Boone County, Indiana",18011,109
377,"Brown County, Indiana",18013,109
378,"Carroll County, Indiana",18015,109
379,"Cass County, Indiana",18017,109
380,"Clark County, Indiana",18019,21
381,"Clay County, Indiana",18021,109
382,"Clinton County, Indiana",18023,109
383,"Dearborn County, Indiana",18029,41
384,"DeKalb County, Indiana",18033,26
385,"Delaware County, Indiana",18035,109
386,"Elkhart County, Indiana",18039,26
387,"Floyd County, Indiana",18043,21
388,"Fountain County, Indiana",18045,109
389,"Franklin County, Indiana",18047,41
390,"Fulton County, Indiana",18049,26
391,"Gibson County, Indiana",18051,113
392,"Greene County, Indiana",18055,109
393,"Hamilton County, Indiana",18057,109
394,"Hancock County, Indiana",18059,109
395,"Harrison County, Indiana",18061,21
396,"Hendricks County, Indiana",18063,109
397,"Henry County, Indiana",18065,109
398,"Howard County, Indiana",18067,109
399,"Huntington County, Indiana",18069,26
400,"Jackson County, Indiana",18071,109
401,"Jasper County, Indiana",18073,82
402,"Jay County, Indiana",18075,109
403,"Jennings County, Indiana",18079,109
404,"Johnson County, Indiana",18081,109
405,"Kosciusko County, Indiana",18085,26
406,"LaGrange County, Indiana",18087,26
407,"Lake County, Indiana",18089,82
408,"LaPorte County, Indiana",18091,82
409,"Lawrence County, Indiana",18093,109
410,"Madison County, Indiana",18095,109
411,"Marion County, Indiana",18097,109
412,"Marshall County, Indiana",18099,26
413,"Miami County, Indiana",18103,109
414,"Monroe County, Indiana",18105,109
415,"Montgomery County, Indiana",18107,109
416,"Morgan County, Indiana",18109,109
417,"Newton County, Indiana",18111,82
418,"Noble County, Indiana",18113,26
419,"Ohio County, Indiana",18115,41
420,"Owen County, Indiana",18119,109
421,"Perry County, Indiana",18123,113
422,"Pike County, Indiana",18125,113
423,"Porter County, Indiana",18127,82
424,"Posey County, Indiana",18129,113
425,"Putnam County, Indiana",18133,109
426,"Randolph County, Indiana",18135,109
427,"Ripley County, Indiana",18137,41
428,"Rush County, Indiana",18139,109
429,"St. Joseph County, Indiana",18141,26
430,"Scott County, Indiana",18143,109
431,"Shelby County, Indiana",18145,109
432,"Spencer County, Indiana",18147,113
433,"Starke County, Indiana",18149,26
434,"Steuben County, Indiana",18151,26
435,"Sullivan County, Indiana",18153,109
436,"Tippecanoe County, Indiana",18157,109
437,"Tipton County, Indiana",18159,109
438,"Union County, Indiana",18161,41
439,"Vanderburgh County, Indiana",18163,113
440,"Vermillion County, Indiana",18165,109
441,"Warren County, Indiana",18171,109
442,"Warrick County, Indiana",18173,113
443,"Washington County, Indiana",18175,21
444,"Wells County, Indiana",18179,26
445,"White County, Indiana",18181,109
446,"Whitley County, Indiana",18183,26
447,"Benton County, Iowa",19011,16
448,"Black Hawk County, Iowa",19013,16
449,"Boone County, Iowa",19015,17
450,"Bremer County, Iowa",19017,16
451,"Buchanan County, Iowa",19019,16
452,"Butler County, Iowa",19023,16
453,"Calhoun County, Iowa",19025,114
454,"Cedar County, Iowa",19031,16
455,"Clayton County, Iowa",19043,82
456,"Clinton County, Iowa",19045,16
457,"Dallas County, Iowa",19049,17
458,"Davis County, Iowa",19051,118
459,"Floyd County, Iowa",19067,115
460,"Fremont County, Iowa",19071,116
461,"Grundy County, Iowa",19075,16
462,"Guthrie County, Iowa",19077,17
463,"Hamilton County, Iowa",19079,17
464,"Hancock County, Iowa",19081,117
465,"Harrison County, Iowa",19085,34
466,"Henry County, Iowa",19087,110
467,"Humboldt County, Iowa",19091,114
468,"Iowa County, Iowa",19095,16
469,"Jackson County, Iowa",19097,82
470,"Jasper County, Iowa",19099,17
471,"Johnson County, Iowa",19103,16
472,"Jones County, Iowa",19105,16
473,"Keokuk County, Iowa",19107,118
474,"Lee County, Iowa",19111,110
475,"Linn County, Iowa",19113,16
476,"Louisa County, Iowa",19115,16
477,"Lyon County, Iowa",19119,119
478,"Madison County, Iowa",19121,17
479,"Mahaska County, Iowa",19123,17
480,"Marion County, Iowa",19125,17
481,"Mills County, Iowa",19129,34
482,"Monona County, Iowa",19133,33
483,"Muscatine County, Iowa",19139,16
484,"O'Brien County, Iowa",19141,119
485,"Plymouth County, Iowa",19149,33
486,"Polk County, Iowa",19153,17
487,"Pottawattamie County, Iowa",19155,34
488,"Sac County, Iowa",19161,120
489,"Scott County, Iowa",19163,16
490,"Story County, Iowa",19169,17
491,"Tama County, Iowa",19171,16
492,"Taylor County, Iowa",19173,116
493,"Van Buren County, Iowa",19177,118
494,"Warren County, Iowa",19181,17
495,"Washington County, Iowa",19183,16
496,"Woodbury County, Iowa",19193,33
497,"Worth County, Iowa",19195,115
498,"Butler County, Kansas",20015,18
499,"Cherokee County, Kansas",20021,32
500,"Cowley County, Kansas",20035,18
501,"Dickinson County, Kansas",20041,121
502,"Doniphan County, Kansas",20043,31
503,"Douglas County, Kansas",20045,31
504,"Franklin County, Kansas",20059,31
505,"Geary County, Kansas",20061,121
506,"Gray County, Kansas",20069,122
507,"Harvey County, Kansas",20079,18
508,"Jackson County, Kansas",20085,31
509,"Jefferson County, Kansas",20087,31
510,"Johnson County, Kansas",20091,31
511,"Leavenworth County, Kansas",20103,31
512,"Linn County, Kansas",20107,31
513,"Marion County, Kansas",20115,18
514,"Miami County, Kansas",20121,31
515,"Osage County, Kansas",20139,31
516,"Ottawa County, Kansas",20143,121
517,"Pottawatomie County, Kansas",20149,121
518,"Reno County, Kansas",20155,18
519,"Riley County, Kansas",20161,121
520,"Sedgwick County, Kansas",20173,18
521,"Shawnee County, Kansas",20177,31
522,"Sumner County, Kansas",20191,18
523,"Wabaunsee County, Kansas",20197,31
524,"Wyandotte County, Kansas",20209,31
525,"Allen County, Kentucky",21003,22
526,"Anderson County, Kentucky",21005,19
527,"Ballard County, Kentucky",21007,112
528,"Barren County, Kentucky",21009,22
529,"Boone County, Kentucky",21015,41
530,"Bourbon County, Kentucky",21017,19
531,"Boyd County, Kentucky",21019,80
532,"Bullitt County, Kentucky",21029,21
533,"Butler County, Kentucky",21031,22
534,"Campbell County, Kentucky",21037,41
535,"Christian County, Kentucky",21047,56
536,"Clark County, Kentucky",21049,19
537,"Edmonson County, Kentucky",21061,22
538,"Fayette County, Kentucky",21067,19
539,"Floyd County, Kentucky",21071,123
540,"Franklin County, Kentucky",21073,19
541,"Grant County, Kentucky",21081,41
542,"Graves County, Kentucky",21083,112
543,"Grayson County, Kentucky",21085,21
544,"Green County, Kentucky",21087,124
545,"Greenup County, Kentucky",21089,80
546,"Hancock County, Kentucky",21091,125
547,"Hardin County, Kentucky",21093,21
548,"Hart County, Kentucky",21099,22
549,"Henderson County, Kentucky",21101,113
550,"Henry County, Kentucky",21103,21
551,"Hopkins County, Kentucky",21107,56
552,"Jefferson County, Kentucky",21111,21
553,"Jessamine County, Kentucky",21113,19
554,"Kenton County, Kentucky",21117,41
555,"Knox County, Kentucky",21121,20
556,"Larue County, Kentucky",21123,21
557,"Laurel County, Kentucky",21125,20
558,"Lincoln County, Kentucky",21137,126
559,"Livingston County, Kentucky",21139,112
560,"McLean County, Kentucky",21149,125
561,"Madison County, Kentucky",21151,19
562,"Marshall County, Kentucky",21157,112
563,"Meade County, Kentucky",21163,21
564,"Mercer County, Kentucky",21167,19
565,"Montgomery County, Kentucky",21173,19
566,"Muhlenberg County, Kentucky",21177,56
567,"Nelson County, Kentucky",21179,21
568,"Ohio County, Kentucky",21183,125
569,"Oldham County, Kentucky",21185,21
570,"Scott County, Kentucky",21209,19
571,"Shelby County, Kentucky",21211,21
572,"Spencer County, Kentucky",21215,21
573,"Trigg County, Kentucky",21221,56
574,"Warren County, Kentucky",21227,22
575,"Webster County, Kentucky",21233,113
576,"Whitley County, Kentucky",21235,20
577,"Woodford County, Kentucky",21239,19
578,"Acadia Parish, Louisiana",22001,23
579,"Allen Parish, Louisiana",22003,127
580,"Ascension Parish, Louisiana",22005,27
581,"Assumption Parish, Louisiana",22007,23
582,"Avoyelles Parish, Louisiana",22009,127
583,"Beauregard Parish, Louisiana",22011,127
584,"Bossier Parish, Louisiana",22015,67
585,"Caddo Parish, Louisiana",22017,67
586,"Concordia Parish, Louisiana",22029,128
587,"De Soto Parish, Louisiana",22031,67
588,"East Baton Rouge Parish, Louisiana",22033,27
589,"East Feliciana Parish, Louisiana",22037,27
590,"Grant Parish, Louisiana",22043,127
591,"Iberia Parish, Louisiana",22045,23
592,"Iberville Parish, Louisiana",22047,27
593,"Jackson Parish, Louisiana",22049,129
594,"Jefferson Parish, Louisiana",22051,27
595,"Jefferson Davis Parish, Louisiana",22053,127
596,"Lafayette Parish, Louisiana",22055,23
597,"Lafourche Parish, Louisiana",22057,24
598,"Lincoln Parish, Louisiana",22061,129
599,"Livingston Parish, Louisiana",22063,27
600,"Morehouse Parish, Louisiana",22067,129
601,"Natchitoches Parish, Louisiana",22069,127
602,"Orleans Parish, Louisiana",22071,27
603,"Plaquemines Parish, Louisiana",22075,27
604,"Pointe Coupee Parish, Louisiana",22077,27
605,"Richland Parish, Louisiana",22083,129
606,"St. Bernard Parish, Louisiana",22087,27
607,"St. Charles Parish, Louisiana",22089,27
608,"St. John the Baptist Parish, Louisiana",22095,27
609,"St. Landry Parish, Louisiana",22097,23
610,"St. Martin Parish, Louisiana",22099,23
611,"St. Mary Parish, Louisiana",22101,23
612,"St. Tammany Parish, Louisiana",22103,27
613,"Tangipahoa Parish, Louisiana",22105,27
614,"Terrebonne Parish, Louisiana",22109,24
615,"Union Parish, Louisiana",22111,129
616,"Vermilion Parish, Louisiana",22113,23
617,"Vernon Parish, Louisiana",22115,127
618,"Washington Parish, Louisiana",22117,27
619,"Webster Parish, Louisiana",22119,67
620,"West Baton Rouge Parish, Louisiana",22121,27
621,"Androscoggin County, Maine",23001,49
622,"Aroostook County, Maine",23003,49
623,"Cumberland County, Maine",23005,49
624,"Franklin County, Maine",23007,49
625,"Hancock County, Maine",23009,49
626,"Kennebec County, Maine",23011,49
627,"Lincoln County, Maine",23015,49
628,"Oxford County, Maine",23017,49
629,"Penobscot County, Maine",23019,49
630,"Piscataquis County, Maine",23021,49
631,"Sagadahoc County, Maine",23023,49
632,"Somerset County, Maine",23025,49
633,"Waldo County, Maine",23027,49
634,"Washington County, Maine",23029,49
635,"York County, Maine",23031,49
636,"Anne Arundel County, Maryland",24003,25
637,"Baltimore County, Maryland",24005,25
638,"Calvert County, Maryland",24009,25
639,"Caroline County, Maryland",24011,25
640,"Carroll County, Maryland",24013,25
641,"Cecil County, Maryland",24015,25
642,"Charles County, Maryland",24017,25
643,"Dorchester County, Maryland",24019,25
644,"Frederick County, Maryland",24021,25
645,"Garrett County, Maryland",24023,48
646,"Harford County, Maryland",24025,25
647,"Howard County, Maryland",24027,25
648,"Montgomery County, Maryland",24031,25
649,"Prince George's County, Maryland",24033,25
650,"Queen Anne's County, Maryland",24035,25
651,"St. Mary's County, Maryland",24037,25
652,"Somerset County, Maryland",24039,46
653,"Talbot County, Maryland",24041,25
654,"Washington County, Maryland",24043,25
655,"Wicomico County, Maryland",24045,46
656,"Worcester County, Maryland",24047,46
657,"Baltimore city, Maryland",24510,25
658,"Barnstable County, Massachusetts",25001,49
659,"Bristol County, Massachusetts",25005,49
660,"Essex County, Massachusetts",25009,49
661,"Franklin County, Massachusetts",25011,49
662,"Hampden County, Massachusetts",25013,49
663,"Hampshire County, Massachusetts",25015,49
664,"Middlesex County, Massachusetts",25017,49
665,"Norfolk County, Massachusetts",25021,49
666,"Plymouth County, Massachusetts",25023,49
667,"Suffolk County, Massachusetts",25025,49
668,"Worcester County, Massachusetts",25027,49
669,"Alcona County, Michigan",26001,42
670,"Alger County, Michigan",26003,130
671,"Allegan County, Michigan",26005,26
672,"Antrim County, Michigan",26009,26
673,"Arenac County, Michigan",26011,42
674,"Barry County, Michigan",26015,26
675,"Bay County, Michigan",26017,42
676,"Benzie County, Michigan",26019,26
677,"Berrien County, Michigan",26021,26
678,"Branch County, Michigan",26023,26
679,"Calhoun County, Michigan",26025,26
680,"Cass County, Michigan",26027,26
681,"Charlevoix County, Michigan",26029,26
682,"Cheboygan County, Michigan",26031,26
683,"Clare County, Michigan",26035,42
684,"Clinton County, Michigan",26037,42
685,"Crawford County, Michigan",26039,131
686,"Delta County, Michigan",26041,82
687,"Eaton County, Michigan",26045,42
688,"Genesee County, Michigan",26049,42
689,"Gladwin County, Michigan",26051,42
690,"Grand Traverse County, Michigan",26055,26
691,"Gratiot County, Michigan",26057,42
692,"Hillsdale County, Michigan",26059,42
693,"Houghton County, Michigan",26061,132
694,"Huron County, Michigan",26063,42
695,"Ingham County, Michigan",26065,42
696,"Ionia County, Michigan",26067,26
697,"Isabella County, Michigan",26073,42
698,"Jackson County, Michigan",26075,42
699,"Kalamazoo County, Michigan",26077,26
700,"Kalkaska County, Michigan",26079,26
701,"Kent County, Michigan",26081,26
702,"Keweenaw County, Michigan",26083,132
703,"Lake County, Michigan",26085,26
704,"Lapeer County, Michigan",26087,42
705,"Leelanau County, Michigan",26089,26
706,"Lenawee County, Michigan",26091,42
707,"Livingston County, Michigan",26093,42
708,"Macomb County, Michigan",26099,42
709,"Manistee County, Michigan",26101,26
710,"Mason County, Michigan",26105,26
711,"Mecosta County, Michigan",26107,26
712,"Menominee County, Michigan",26109,82
713,"Midland County, Michigan",26111,42
714,"Missaukee County, Michigan",26113,26
715,"Monroe County, Michigan",26115,42
716,"Montcalm County, Michigan",26117,26
717,"Muskegon County, Michigan",26121,26
718,"Newaygo County, Michigan",26123,26
719,"Oakland County, Michigan",26125,42
720,"Oceana County, Michigan",26127,26
721,"Osceola County, Michigan",26133,26
722,"Ottawa County, Michigan",26139,26
723,"Presque Isle County, Michigan",26141,42
724,"Saginaw County, Michigan",26145,42
725,"St. Clair County, Michigan",26147,42
726,"St. Joseph County, Michigan",26149,26
727,"Sanilac County, Michigan",26151,42
728,"Shiawassee County, Michigan",26155,42
729,"Tuscola County, Michigan",26157,42
730,"Van Buren County, Michigan",26159,26
731,"Washtenaw County, Michigan",26161,42
732,"Wayne County, Michigan",26163,42
733,"Wexford County, Michigan",26165,26
734,"Anoka County, Minnesota",27003,133
735,"Becker County, Minnesota",27005,133
736,"Beltrami County, Minnesota",27007,133
737,"Benton County, Minnesota",27009,133
738,"Blue Earth County, Minnesota",27013,133
739,"Carlton County, Minnesota",27017,133
740,"Carver County, Minnesota",27019,133
741,"Cass County, Minnesota",27021,133
742,"Chippewa County, Minnesota",27023,133
743,"Chisago County, Minnesota",27025,133
744,"Clay County, Minnesota",27027,133
745,"Clearwater County, Minnesota",27029,133
746,"Dakota County, Minnesota",27037,133
747,"Dodge County, Minnesota",27039,133
748,"Douglas County, Minnesota",27041,133
749,"Faribault County, Minnesota",27043,133
750,"Fillmore County, Minnesota",27045,133
751,"Freeborn County, Minnesota",27047,133
752,"Goodhue County, Minnesota",27049,133
753,"Grant County, Minnesota",27051,133
754,"Hennepin County, Minnesota",27053,133
755,"Houston County, Minnesota",27055,133
756,"Hubbard County, Minnesota",27057,133
757,"Isanti County, Minnesota",27059,133
758,"Itasca County, Minnesota",27061,133
759,"Jackson County, Minnesota",27063,133
760,"Kanabec County, Minnesota",27065,133
761,"Kandiyohi County, Minnesota",27067,133
762,"Kittson County, Minnesota",27069,134
763,"Lac qui Parle County, Minnesota",27073,133
764,"Le Sueur County, Minnesota",27079,133
765,"Lincoln County, Minnesota",27081,133
766,"McLeod County, Minnesota",27085,133
767,"Marshall County, Minnesota",27089,135
768,"Meeker County, Minnesota",27093,133
769,"Mille Lacs County, Minnesota",27095,133
770,"Morrison County, Minnesota",27097,133
771,"Mower County, Minnesota",27099,133
772,"Murray County, Minnesota",27101,133
773,"Nicollet County, Minnesota",27103,133
774,"Norman County, Minnesota",27107,133
775,"Olmsted County, Minnesota",27109,133
776,"Otter Tail County, Minnesota",27111,133
777,"Pine County, Minnesota",27115,133
778,"Polk County, Minnesota",27119,135
779,"Pope County, Minnesota",27121,133
780,"Ramsey County, Minnesota",27123,133
781,"Red Lake County, Minnesota",27125,135
782,"Redwood County, Minnesota",27127,133
783,"Renville County, Minnesota",27129,133
784,"Rice County, Minnesota",27131,133
785,"Rock County, Minnesota",27133,119
786,"St. Louis County, Minnesota",27137,133
787,"Scott County, Minnesota",27139,133
788,"Sherburne County, Minnesota",27141,133
789,"Sibley County, Minnesota",27143,133
790,"Stearns County, Minnesota",27145,133
791,"Steele County, Minnesota",27147,133
792,"Todd County, Minnesota",27153,133
793,"Wabasha County, Minnesota",27157,133
794,"Wadena County, Minnesota",27159,133
795,"Waseca County, Minnesota",27161,133
796,"Washington County, Minnesota",27163,133
797,"Wilkin County, Minnesota",27167,133
798,"Winona County, Minnesota",27169,133
799,"Wright County, Minnesota",27171,133
800,"Yellow Medicine County, Minnesota",27173,133
801,"Carroll County, Mississippi",28015,136
802,"Chickasaw County, Mississippi",28017,137
803,"Clarke County, Mississippi",28023,138
804,"Copiah County, Mississippi",28029,29
805,"DeSoto County, Mississippi",28033,54
806,"Forrest County, Mississippi",28035,28
807,"George County, Mississippi",28039,27
808,"Hancock County, Mississippi",28045,27
809,"Harrison County, Mississippi",28047,27
810,"Hinds County, Mississippi",28049,29
811,"Itawamba County, Mississippi",28057,137
812,"Jackson County, Mississippi",28059,27
813,"Jones County, Mississippi",28067,28
814,"Lamar County, Mississippi",28073,28
815,"Madison County, Mississippi",28089,29
816,"Marshall County, Mississippi",28093,54
817,"Monroe County, Mississippi",28095,137
818,"Newton County, Mississippi",28101,138
819,"Panola County, Mississippi",28107,54
820,"Pearl River County, Mississippi",28109,27
821,"Perry County, Mississippi",28111,28
822,"Pontotoc County, Mississippi",28115,137
823,"Prentiss County, Mississippi",28117,137
824,"Rankin County, Mississippi",28121,29
825,"Simpson County, Mississippi",28127,29
826,"Tate County, Mississippi",28137,54
827,"Union County, Mississippi",28145,137
828,"Yalobusha County, Mississippi",28161,139
829,"Andrew County, Missouri",29003,31
830,"Audrain County, Missouri",29007,141
831,"Bates County, Missouri",29013,31
832,"Benton County, Missouri",29015,31
833,"Bollinger County, Missouri",29017,30
834,"Boone County, Missouri",29019,141
835,"Callaway County, Missouri",29027,141
836,"Cape Girardeau County, Missouri",29031,30
837,"Cass County, Missouri",29037,31
838,"Chariton County, Missouri",29041,141
839,"Christian County, Missouri",29043,140
840,"Clark County, Missouri",29045,110
841,"Clay County, Missouri",29047,31
842,"Clinton County, Missouri",29049,31
843,"Cole County, Missouri",29051,141
844,"Cooper County, Missouri",29053,141
845,"Crawford County, Missouri",29055,108
846,"Dade County, Missouri",29057,140
847,"Dallas County, Missouri",29059,140
848,"DeKalb County, Missouri",29063,31
849,"Franklin County, Missouri",29071,108
850,"Gasconade County, Missouri",29073,108
851,"Greene County, Missouri",29077,140
852,"Holt County, Missouri",29087,31
853,"Howard County, Missouri",29089,141
854,"Iron County, Missouri",29093,108
855,"Jackson County, Missouri",29095,31
856,"Jasper County, Missouri",29097,32
857,"Jefferson County, Missouri",29099,108
858,"Johnson County, Missouri",29101,31
859,"Lafayette County, Missouri",29107,31
860,"Lawrence County, Missouri",29109,140
861,"Lewis County, Missouri",29111,110
862,"Lincoln County, Missouri",29113,108
863,"McDonald County, Missouri",29119,32
864,"Macon County, Missouri",29121,141
865,"Madison County, Missouri",29123,108
866,"Marion County, Missouri",29127,110
867,"Miller County, Missouri",29131,141
868,"Moniteau County, Missouri",29135,141
869,"Monroe County, Missouri",29137,141
870,"New Madrid County, Missouri",29143,30
871,"Newton County, Missouri",29145,32
872,"Osage County, Missouri",29151,141
873,"Pemiscot County, Missouri",29155,142
874,"Perry County, Missouri",29157,30
875,"Pettis County, Missouri",29159,31
876,"Phelps County, Missouri",29161,143
877,"Platte County, Missouri",29165,31
878,"Polk County, Missouri",29167,140
879,"Ralls County, Missouri",29173,110
880,"Randolph County, Missouri",29175,141
881,"Ray County, Missouri",29177,31
882,"St. Charles County, Missouri",29183,108
883,"St. Francois County, Missouri",29187,108
884,"St. Louis County, Missouri",29189,108
885,"Schuyler County, Missouri",29197,144
886,"Scott County, Missouri",29201,30
887,"Stoddard County, Missouri",29207,30
888,"Stone County, Missouri",29209,140
889,"Warren County, Missouri",29219,108
890,"Washington County, Missouri",29221,108
891,"Webster County, Missouri",29225,140
892,"St. Louis city, Missouri",29510,108
893,"Carbon County, Montana",30009,145
894,"Jefferson County, Montana",30043,146
895,"Ravalli County, Montana",30081,147
896,"Stillwater County, Montana",30095,145
897,"Teton County, Montana",30099,148
898,"Antelope County, Nebraska",31003,149
899,"Buffalo County, Nebraska",31019,150
900,"Butler County, Nebraska",31023,151
901,"Cass County, Nebraska",31025,34
902,"Cedar County, Nebraska",31027,152
903,"Clay County, Nebraska",31035,153
904,"Colfax County, Nebraska",31037,151
905,"Dakota County, Nebraska",31043,33
906,"Dixon County, Nebraska",31051,33
907,"Dodge County, Nebraska",31053,34
908,"Douglas County, Nebraska",31055,34
909,"Gage County, Nebraska",31067,34
910,"Hamilton County, Nebraska",31081,150
911,"Hitchcock County, Nebraska",31087,154
912,"Howard County, Nebraska",31093,150
913,"Kearney County, Nebraska",31099,150
914,"Lancaster County, Nebraska",31109,34
915,"Merrick County, Nebraska",31121,150
916,"Nance County, Nebraska",31125,151
917,"Otoe County, Nebraska",31131,34
918,"Pierce County, Nebraska",31139,149
919,"Polk County, Nebraska",31143,151
920,"Saline County, Nebraska",31151,34
921,"Sarpy County, Nebraska",31153,34
922,"Saunders County, Nebraska",31155,34
923,"Seward County, Nebraska",31159,34
924,"Stanton County, Nebraska",31167,149
925,"Washington County, Nebraska",31177,34
926,"Webster County, Nebraska",31181,153
927,"Clark County, Nevada",32003,87
928,"Douglas County, Nevada",32005,6
929,"Elko County, Nevada",32007,155
930,"Lyon County, Nevada",32019,6
931,"Nye County, Nevada",32023,87
932,"Washoe County, Nevada",32031,6
933,"Carson City, Nevada",32510,6
934,"Belknap County, New Hampshire",33001,49
935,"Cheshire County, New Hampshire",33005,49
936,"Coos County, New Hampshire",33007,69
937,"Grafton County, New Hampshire",33009,69
938,"Hillsborough County, New Hampshire",33011,49
939,"Merrimack County, New Hampshire",33013,49
940,"Rockingham County, New Hampshire",33015,49
941,"Strafford County, New Hampshire",33017,49
942,"Sullivan County, New Hampshire",33019,69
943,"Atlantic County, New Jersey",34001,46
944,"Bergen County, New Jersey",34003,47
945,"Burlington County, New Jersey",34005,46
946,"Camden County, New Jersey",34007,46
947,"Cape May County, New Jersey",34009,46
948,"Cumberland County, New Jersey",34011,46
949,"Essex County, New Jersey",34013,47
950,"Gloucester County, New Jersey",34015,46
951,"Hudson County, New Jersey",34017,47
952,"Hunterdon County, New Jersey",34019,47
953,"Mercer County, New Jersey",34021,47
954,"Middlesex County, New Jersey",34023,47
955,"Monmouth County, New Jersey",34025,47
956,"Morris County, New Jersey",34027,47
957,"Ocean County, New Jersey",34029,47
958,"Passaic County, New Jersey",34031,47
959,"Salem County, New Jersey",34033,46
960,"Somerset County, New Jersey",34035,47
961,"Sussex County, New Jersey",34037,47
962,"Union County, New Jersey",34039,47
963,"Warren County, New Jersey",34041,47
964,"Bernalillo County, New Mexico",35001,35
965,"Chaves County, New Mexico",35005,156
966,"DoÃ±a Ana County, New Mexico",35013,59
967,"Otero County, New Mexico",35035,59
968,"Rio Arriba County, New Mexico",35039,35
969,"Roosevelt County, New Mexico",35041,157
970,"Sandoval County, New Mexico",35043,35
971,"San Miguel County, New Mexico",35047,35
972,"Santa Fe County, New Mexico",35049,35
973,"Torrance County, New Mexico",35057,35
974,"Valencia County, New Mexico",35061,35
975,"Albany County, New York",36001,69
976,"Allegany County, New York",36003,36
977,"Bronx County, New York",36005,47
978,"Broome County, New York",36007,36
979,"Cattaraugus County, New York",36009,36
980,"Cayuga County, New York",36011,36
981,"Chautauqua County, New York",36013,36
982,"Chemung County, New York",36015,36
983,"Chenango County, New York",36017,36
984,"Columbia County, New York",36021,69
985,"Cortland County, New York",36023,36
986,"Delaware County, New York",36025,36
987,"Dutchess County, New York",36027,47
988,"Erie County, New York",36029,36
989,"Essex County, New York",36031,36
990,"Franklin County, New York",36033,36
991,"Fulton County, New York",36035,69
992,"Genesee County, New York",36037,36
993,"Greene County, New York",36039,69
994,"Herkimer County, New York",36043,36
995,"Kings County, New York",36047,47
996,"Lewis County, New York",36049,36
997,"Livingston County, New York",36051,36
998,"Madison County, New York",36053,36
999,"Monroe County, New York",36055,36
1000,"Montgomery County, New York",36057,69
1001,"Nassau County, New York",36059,47
1002,"New York County, New York",36061,47
1003,"Niagara County, New York",36063,36
1004,"Oneida County, New York",36065,36
1005,"Onondaga County, New York",36067,36
1006,"Ontario County, New York",36069,36
1007,"Orange County, New York",36071,47
1008,"Orleans County, New York",36073,36
1009,"Oswego County, New York",36075,36
1010,"Otsego County, New York",36077,36
1011,"Putnam County, New York",36079,47
1012,"Queens County, New York",36081,47
1013,"Rensselaer County, New York",36083,69
1014,"Richmond County, New York",36085,47
1015,"Rockland County, New York",36087,47
1016,"St. Lawrence County, New York",36089,36
1017,"Saratoga County, New York",36091,69
1018,"Schenectady County, New York",36093,69
1019,"Schoharie County, New York",36095,69
1020,"Schuyler County, New York",36097,36
1021,"Seneca County, New York",36099,36
1022,"Steuben County, New York",36101,36
1023,"Suffolk County, New York",36103,47
1024,"Sullivan County, New York",36105,47
1025,"Tioga County, New York",36107,36
1026,"Tompkins County, New York",36109,36
1027,"Ulster County, New York",36111,47
1028,"Warren County, New York",36113,69
1029,"Washington County, New York",36115,69
1030,"Wayne County, New York",36117,36
1031,"Westchester County, New York",36119,47
1032,"Wyoming County, New York",36121,36
1033,"Yates County, New York",36123,36
1034,"Alamance County, North Carolina",37001,39
1035,"Alexander County, North Carolina",37003,38
1036,"Anson County, North Carolina",37007,38
1037,"Beaufort County, North Carolina",37013,39
1038,"Bladen County, North Carolina",37017,51
1039,"Brunswick County, North Carolina",37019,51
1040,"Buncombe County, North Carolina",37021,37
1041,"Burke County, North Carolina",37023,38
1042,"Cabarrus County, North Carolina",37025,38
1043,"Caldwell County, North Carolina",37027,38
1044,"Camden County, North Carolina",37029,158
1045,"Carteret County, North Carolina",37031,159
1046,"Caswell County, North Carolina",37033,39
1047,"Catawba County, North Carolina",37035,38
1048,"Chatham County, North Carolina",37037,39
1049,"Cleveland County, North Carolina",37045,38
1050,"Columbus County, North Carolina",37047,51
1051,"Cumberland County, North Carolina",37051,39
1052,"Currituck County, North Carolina",37053,71
1053,"Davidson County, North Carolina",37057,39
1054,"Davie County, North Carolina",37059,39
1055,"Duplin County, North Carolina",37061,39
1056,"Durham County, North Carolina",37063,39
1057,"Edgecombe County, North Carolina",37065,39
1058,"Forsyth County, North Carolina",37067,39
1059,"Franklin County, North Carolina",37069,39
1060,"Gaston County, North Carolina",37071,38
1061,"Granville County, North Carolina",37077,39
1062,"Greene County, North Carolina",37079,39
1063,"Guilford County, North Carolina",37081,39
1064,"Halifax County, North Carolina",37083,39
1065,"Harnett County, North Carolina",37085,39
1066,"Haywood County, North Carolina",37087,37
1067,"Henderson County, North Carolina",37089,37
1068,"Hoke County, North Carolina",37093,39
1069,"Iredell County, North Carolina",37097,38
1070,"Johnston County, North Carolina",37101,39
1071,"Jones County, North Carolina",37103,159
1072,"Lee County, North Carolina",37105,39
1073,"Lincoln County, North Carolina",37109,38
1074,"McDowell County, North Carolina",37111,37
1075,"Madison County, North Carolina",37115,37
1076,"Mecklenburg County, North Carolina",37119,38
1077,"Moore County, North Carolina",37125,39
1078,"Nash County, North Carolina",37127,39
1079,"New Hanover County, North Carolina",37129,51
1080,"Northampton County, North Carolina",37131,39
1081,"Onslow County, North Carolina",37133,159
1082,"Orange County, North Carolina",37135,39
1083,"Pamlico County, North Carolina",37137,159
1084,"Pender County, North Carolina",37141,51
1085,"Perquimans County, North Carolina",37143,158
1086,"Person County, North Carolina",37145,39
1087,"Pitt County, North Carolina",37147,39
1088,"Polk County, North Carolina",37149,172
1089,"Randolph County, North Carolina",37151,39
1090,"Robeson County, North Carolina",37155,39
1091,"Rockingham County, North Carolina",37157,39
1092,"Rowan County, North Carolina",37159,38
1093,"Rutherford County, North Carolina",37161,38
1094,"Sampson County, North Carolina",37163,39
1095,"Stanly County, North Carolina",37167,38
1096,"Stokes County, North Carolina",37169,39
1097,"Surry County, North Carolina",37171,39
1098,"Union County, North Carolina",37179,38
1099,"Vance County, North Carolina",37181,39
1100,"Wake County, North Carolina",37183,39
1101,"Wayne County, North Carolina",37191,39
1102,"Wilkes County, North Carolina",37193,39
1103,"Wilson County, North Carolina",37195,39
1104,"Yadkin County, North Carolina",37197,39
1105,"Burleigh County, North Dakota",38015,40
1106,"Cass County, North Dakota",38017,133
1107,"Grand Forks County, North Dakota",38035,135
1108,"McHenry County, North Dakota",38049,160
1109,"Morton County, North Dakota",38059,40
1110,"Ransom County, North Dakota",38073,161
1111,"Renville County, North Dakota",38075,160
1112,"Richland County, North Dakota",38077,133
1113,"Traill County, North Dakota",38097,135
1114,"Walsh County, North Dakota",38099,135
1115,"Allen County, Ohio",39003,41
1116,"Ashland County, Ohio",39005,41
1117,"Ashtabula County, Ohio",39007,48
1118,"Auglaize County, Ohio",39011,41
1119,"Belmont County, Ohio",39013,48
1120,"Brown County, Ohio",39015,41
1121,"Butler County, Ohio",39017,41
1122,"Carroll County, Ohio",39019,48
1123,"Champaign County, Ohio",39021,41
1124,"Clark County, Ohio",39023,41
1125,"Clermont County, Ohio",39025,41
1126,"Clinton County, Ohio",39027,41
1127,"Columbiana County, Ohio",39029,48
1128,"Crawford County, Ohio",39033,41
1129,"Cuyahoga County, Ohio",39035,48
1130,"Darke County, Ohio",39037,41
1131,"Defiance County, Ohio",39039,42
1132,"Delaware County, Ohio",39041,41
1133,"Erie County, Ohio",39043,48
1134,"Fairfield County, Ohio",39045,41
1135,"Fayette County, Ohio",39047,41
1136,"Franklin County, Ohio",39049,41
1137,"Fulton County, Ohio",39051,42
1138,"Geauga County, Ohio",39055,48
1139,"Greene County, Ohio",39057,41
1140,"Guernsey County, Ohio",39059,41
1141,"Hamilton County, Ohio",39061,41
1142,"Hancock County, Ohio",39063,42
1143,"Hardin County, Ohio",39065,41
1144,"Harrison County, Ohio",39067,48
1145,"Henry County, Ohio",39069,42
1146,"Highland County, Ohio",39071,41
1147,"Hocking County, Ohio",39073,41
1148,"Holmes County, Ohio",39075,48
1149,"Huron County, Ohio",39077,48
1150,"Jefferson County, Ohio",39081,48
1151,"Knox County, Ohio",39083,41
1152,"Lake County, Ohio",39085,48
1153,"Lawrence County, Ohio",39087,80
1154,"Licking County, Ohio",39089,41
1155,"Logan County, Ohio",39091,41
1156,"Lorain County, Ohio",39093,48
1157,"Lucas County, Ohio",39095,42
1158,"Madison County, Ohio",39097,41
1159,"Mahoning County, Ohio",39099,48
1160,"Marion County, Ohio",39101,41
1161,"Medina County, Ohio",39103,48
1162,"Meigs County, Ohio",39105,162
1163,"Mercer County, Ohio",39107,41
1164,"Miami County, Ohio",39109,41
1165,"Montgomery County, Ohio",39113,41
1166,"Morrow County, Ohio",39117,41
1167,"Muskingum County, Ohio",39119,41
1168,"Ottawa County, Ohio",39123,42
1169,"Paulding County, Ohio",39125,42
1170,"Perry County, Ohio",39127,41
1171,"Pickaway County, Ohio",39129,41
1172,"Pike County, Ohio",39131,80
1173,"Portage County, Ohio",39133,48
1174,"Preble County, Ohio",39135,41
1175,"Putnam County, Ohio",39137,42
1176,"Richland County, Ohio",39139,41
1177,"Ross County, Ohio",39141,41
1178,"Sandusky County, Ohio",39143,42
1179,"Scioto County, Ohio",39145,80
1180,"Seneca County, Ohio",39147,42
1181,"Shelby County, Ohio",39149,41
1182,"Stark County, Ohio",39151,48
1183,"Summit County, Ohio",39153,48
1184,"Trumbull County, Ohio",39155,48
1185,"Tuscarawas County, Ohio",39157,48
1186,"Union County, Ohio",39159,41
1187,"Van Wert County, Ohio",39161,41
1188,"Warren County, Ohio",39165,41
1189,"Washington County, Ohio",39167,81
1190,"Wayne County, Ohio",39169,48
1191,"Williams County, Ohio",39171,42
1192,"Wood County, Ohio",39173,42
1193,"Wyandot County, Ohio",39175,42
1194,"Beaver County, Oklahoma",40007,163
1195,"Bryan County, Oklahoma",40013,65
1196,"Caddo County, Oklahoma",40015,169
1197,"Canadian County, Oklahoma",40017,166
1198,"Cherokee County, Oklahoma",40021,43
1199,"Cleveland County, Oklahoma",40027,166
1200,"Cotton County, Oklahoma",40033,169
1201,"Creek County, Oklahoma",40037,43
1202,"Delaware County, Oklahoma",40041,5
1203,"Ellis County, Oklahoma",40045,164
1204,"Grady County, Oklahoma",40051,166
1205,"Grant County, Oklahoma",40053,165
1206,"Le Flore County, Oklahoma",40079,4
1207,"Lincoln County, Oklahoma",40081,166
1208,"Logan County, Oklahoma",40083,166
1209,"Love County, Oklahoma",40085,167
1210,"McClain County, Oklahoma",40087,166
1211,"McIntosh County, Oklahoma",40091,43
1212,"Major County, Oklahoma",40093,165
1213,"Mayes County, Oklahoma",40097,43
1214,"Muskogee County, Oklahoma",40101,43
1215,"Noble County, Oklahoma",40103,166
1216,"Nowata County, Oklahoma",40105,168
1217,"Oklahoma County, Oklahoma",40109,166
1218,"Okmulgee County, Oklahoma",40111,43
1219,"Osage County, Oklahoma",40113,43
1220,"Ottawa County, Oklahoma",40115,32
1221,"Pawnee County, Oklahoma",40117,43
1222,"Pottawatomie County, Oklahoma",40125,166
1223,"Rogers County, Oklahoma",40131,43
1224,"Seminole County, Oklahoma",40133,166
1225,"Sequoyah County, Oklahoma",40135,4
1226,"Stephens County, Oklahoma",40137,169
1227,"Tulsa County, Oklahoma",40143,43
1228,"Wagoner County, Oklahoma",40145,43
1229,"Washington County, Oklahoma",40147,43
1230,"Washita County, Oklahoma",40149,169
1231,"Benton County, Oregon",41003,45
1232,"Clackamas County, Oregon",41005,45
1233,"Columbia County, Oregon",41009,45
1234,"Crook County, Oregon",41013,170
1235,"Douglas County, Oregon",41019,45
1236,"Jackson County, Oregon",41029,44
1237,"Jefferson County, Oregon",41031,170
1238,"Josephine County, Oregon",41033,44
1239,"Linn County, Oregon",41043,45
1240,"Marion County, Oregon",41047,45
1241,"Morrow County, Oregon",41049,171
1242,"Multnomah County, Oregon",41051,45
1243,"Polk County, Oregon",41053,45
1244,"Umatilla County, Oregon",41059,171
1245,"Washington County, Oregon",41067,45
1246,"Yamhill County, Oregon",41071,45
1247,"Adams County, Pennsylvania",42001,25
1248,"Allegheny County, Pennsylvania",42003,48
1249,"Armstrong County, Pennsylvania",42005,48
1250,"Beaver County, Pennsylvania",42007,48
1251,"Bedford County, Pennsylvania",42009,48
1252,"Berks County, Pennsylvania",42011,46
1253,"Blair County, Pennsylvania",42013,48
1254,"Bradford County, Pennsylvania",42015,36
1255,"Bucks County, Pennsylvania",42017,46
1256,"Butler County, Pennsylvania",42019,48
1257,"Cambria County, Pennsylvania",42021,48
1258,"Carbon County, Pennsylvania",42025,47
1259,"Centre County, Pennsylvania",42027,48
1260,"Chester County, Pennsylvania",42029,46
1261,"Clarion County, Pennsylvania",42031,48
1262,"Clearfield County, Pennsylvania",42033,48
1263,"Clinton County, Pennsylvania",42035,36
1264,"Columbia County, Pennsylvania",42037,36
1265,"Crawford County, Pennsylvania",42039,36
1266,"Cumberland County, Pennsylvania",42041,25
1267,"Dauphin County, Pennsylvania",42043,25
1268,"Delaware County, Pennsylvania",42045,46
1269,"Erie County, Pennsylvania",42049,36
1270,"Fayette County, Pennsylvania",42051,48
1271,"Franklin County, Pennsylvania",42055,25
1272,"Fulton County, Pennsylvania",42057,25
1273,"Greene County, Pennsylvania",42059,48
1274,"Huntingdon County, Pennsylvania",42061,48
1275,"Indiana County, Pennsylvania",42063,48
1276,"Jefferson County, Pennsylvania",42065,48
1277,"Juniata County, Pennsylvania",42067,25
1278,"Lackawanna County, Pennsylvania",42069,36
1279,"Lancaster County, Pennsylvania",42071,46
1280,"Lawrence County, Pennsylvania",42073,48
1281,"Lebanon County, Pennsylvania",42075,46
1282,"Lehigh County, Pennsylvania",42077,47
1283,"Luzerne County, Pennsylvania",42079,36
1284,"Lycoming County, Pennsylvania",42081,36
1285,"McKean County, Pennsylvania",42083,36
1286,"Mercer County, Pennsylvania",42085,48
1287,"Mifflin County, Pennsylvania",42087,48
1288,"Monroe County, Pennsylvania",42089,47
1289,"Montgomery County, Pennsylvania",42091,46
1290,"Montour County, Pennsylvania",42093,36
1291,"Northampton County, Pennsylvania",42095,47
1292,"Northumberland County, Pennsylvania",42097,36
1293,"Perry County, Pennsylvania",42099,25
1294,"Philadelphia County, Pennsylvania",42101,46
1295,"Pike County, Pennsylvania",42103,47
1296,"Potter County, Pennsylvania",42105,36
1297,"Schuylkill County, Pennsylvania",42107,36
1298,"Snyder County, Pennsylvania",42109,36
1299,"Somerset County, Pennsylvania",42111,48
1300,"Susquehanna County, Pennsylvania",42115,36
1301,"Tioga County, Pennsylvania",42117,36
1302,"Union County, Pennsylvania",42119,36
1303,"Venango County, Pennsylvania",42121,48
1304,"Warren County, Pennsylvania",42123,36
1305,"Washington County, Pennsylvania",42125,48
1306,"Wayne County, Pennsylvania",42127,36
1307,"Westmoreland County, Pennsylvania",42129,48
1308,"Wyoming County, Pennsylvania",42131,36
1309,"York County, Pennsylvania",42133,25
1310,"Bristol County, Rhode Island",44001,49
1311,"Kent County, Rhode Island",44003,49
1312,"Newport County, Rhode Island",44005,49
1313,"Providence County, Rhode Island",44007,49
1314,"Washington County, Rhode Island",44009,49
1315,"Abbeville County, South Carolina",45001,172
1316,"Aiken County, South Carolina",45003,52
1317,"Anderson County, South Carolina",45007,172
1318,"Beaufort County, South Carolina",45013,97
1319,"Berkeley County, South Carolina",45015,50
1320,"Calhoun County, South Carolina",45017,52
1321,"Charleston County, South Carolina",45019,50
1322,"Cherokee County, South Carolina",45021,172
1323,"Chester County, South Carolina",45023,38
1324,"Chesterfield County, South Carolina",45025,38
1325,"Clarendon County, South Carolina",45027,52
1326,"Colleton County, South Carolina",45029,50
1327,"Darlington County, South Carolina",45031,38
1328,"Dorchester County, South Carolina",45035,50
1329,"Edgefield County, South Carolina",45037,52
1330,"Fairfield County, South Carolina",45039,52
1331,"Florence County, South Carolina",45041,38
1332,"Georgetown County, South Carolina",45043,51
1333,"Greenville County, South Carolina",45045,172
1334,"Hampton County, South Carolina",45049,97
1335,"Horry County, South Carolina",45051,51
1336,"Jasper County, South Carolina",45053,97
1337,"Kershaw County, South Carolina",45055,52
1338,"Lancaster County, South Carolina",45057,38
1339,"Laurens County, South Carolina",45059,172
1340,"Lexington County, South Carolina",45063,52
1341,"Marion County, South Carolina",45067,38
1342,"Newberry County, South Carolina",45071,52
1343,"Oconee County, South Carolina",45073,172
1344,"Orangeburg County, South Carolina",45075,52
1345,"Pickens County, South Carolina",45077,172
1346,"Richland County, South Carolina",45079,52
1347,"Saluda County, South Carolina",45081,52
1348,"Spartanburg County, South Carolina",45083,172
1349,"Sumter County, South Carolina",45085,52
1350,"Union County, South Carolina",45087,172
1351,"Williamsburg County, South Carolina",45089,38
1352,"York County, South Carolina",45091,38
1353,"Aurora County, South Dakota",46003,173
1354,"Bon Homme County, South Dakota",46009,152
1355,"Edmunds County, South Dakota",46045,174
1356,"Hamlin County, South Dakota",46057,175
1357,"Hanson County, South Dakota",46061,173
1358,"Kingsbury County, South Dakota",46077,176
1359,"Lincoln County, South Dakota",46083,119
1360,"McCook County, South Dakota",46087,119
1361,"Meade County, South Dakota",46093,177
1362,"Minnehaha County, South Dakota",46099,119
1363,"Stanley County, South Dakota",46117,178
1364,"Turner County, South Dakota",46125,119
1365,"Union County, South Dakota",46127,33
1366,"Anderson County, Tennessee",47001,55
1367,"Bedford County, Tennessee",47003,56
1368,"Blount County, Tennessee",47009,55
1369,"Bradley County, Tennessee",47011,55
1370,"Campbell County, Tennessee",47013,55
1371,"Cannon County, Tennessee",47015,56
1372,"Carroll County, Tennessee",47017,53
1373,"Carter County, Tennessee",47019,55
1374,"Cheatham County, Tennessee",47021,56
1375,"Chester County, Tennessee",47023,53
1376,"Claiborne County, Tennessee",47025,179
1377,"Cocke County, Tennessee",47029,55
1378,"Coffee County, Tennessee",47031,56
1379,"Crockett County, Tennessee",47033,53
1380,"Davidson County, Tennessee",47037,56
1381,"Dickson County, Tennessee",47043,56
1382,"Fayette County, Tennessee",47047,54
1383,"Franklin County, Tennessee",47051,56
1384,"Gibson County, Tennessee",47053,53
1385,"Grainger County, Tennessee",47057,55
1386,"Hamblen County, Tennessee",47063,55
1387,"Hamilton County, Tennessee",47065,55
1388,"Hardin County, Tennessee",47071,180
1389,"Hawkins County, Tennessee",47073,55
1390,"Haywood County, Tennessee",47075,53
1391,"Henderson County, Tennessee",47077,53
1392,"Hickman County, Tennessee",47081,56
1393,"Humphreys County, Tennessee",47085,56
1394,"Jackson County, Tennessee",47087,181
1395,"Jefferson County, Tennessee",47089,55
1396,"Knox County, Tennessee",47093,55
1397,"Lawrence County, Tennessee",47099,56
1398,"Lincoln County, Tennessee",47103,1
1399,"Loudon County, Tennessee",47105,55
1400,"McMinn County, Tennessee",47107,55
1401,"Macon County, Tennessee",47111,56
1402,"Madison County, Tennessee",47113,53
1403,"Marion County, Tennessee",47115,55
1404,"Marshall County, Tennessee",47117,56
1405,"Maury County, Tennessee",47119,56
1406,"Monroe County, Tennessee",47123,55
1407,"Montgomery County, Tennessee",47125,56
1408,"Morgan County, Tennessee",47129,55
1409,"Overton County, Tennessee",47133,181
1410,"Polk County, Tennessee",47139,55
1411,"Roane County, Tennessee",47145,55
1412,"Robertson County, Tennessee",47147,56
1413,"Rutherford County, Tennessee",47149,56
1414,"Sequatchie County, Tennessee",47153,55
1415,"Sevier County, Tennessee",47155,55
1416,"Shelby County, Tennessee",47157,54
1417,"Smith County, Tennessee",47159,56
1418,"Sullivan County, Tennessee",47163,55
1419,"Sumner County, Tennessee",47165,56
1420,"Tipton County, Tennessee",47167,54
1421,"Unicoi County, Tennessee",47171,55
1422,"Union County, Tennessee",47173,55
1423,"Washington County, Tennessee",47179,55
1424,"Weakley County, Tennessee",47183,182
1425,"White County, Tennessee",47185,181
1426,"Williamson County, Tennessee",47187,56
1427,"Wilson County, Tennessee",47189,56
1428,"Archer County, Texas",48009,183
1429,"Atascosa County, Texas",48013,66
1430,"Austin County, Texas",48015,61
1431,"Bandera County, Texas",48019,66
1432,"Bastrop County, Texas",48021,66
1433,"Bell County, Texas",48027,66
1434,"Bexar County, Texas",48029,66
1435,"Bosque County, Texas",48035,66
1436,"Bowie County, Texas",48037,57
1437,"Brazoria County, Texas",48039,61
1438,"Brazos County, Texas",48041,58
1439,"Burleson County, Texas",48051,58
1440,"Burnet County, Texas",48053,66
1441,"Caldwell County, Texas",48055,66
1442,"Callahan County, Texas",48059,184
1443,"Cameron County, Texas",48061,60
1444,"Cass County, Texas",48067,57
1445,"Chambers County, Texas",48071,61
1446,"Cherokee County, Texas",48073,65
1447,"Clay County, Texas",48077,183
1448,"Collin County, Texas",48085,65
1449,"Comal County, Texas",48091,66
1450,"Cooke County, Texas",48097,65
1451,"Coryell County, Texas",48099,66
1452,"Crosby County, Texas",48107,185
1453,"Dallas County, Texas",48113,65
1454,"Denton County, Texas",48121,65
1455,"Ector County, Texas",48135,62
1456,"Ellis County, Texas",48139,65
1457,"El Paso County, Texas",48141,59
1458,"Falls County, Texas",48145,66
1459,"Fannin County, Texas",48147,65
1460,"Fort Bend County, Texas",48157,61
1461,"Galveston County, Texas",48167,61
1462,"Grayson County, Texas",48181,65
1463,"Gregg County, Texas",48183,67
1464,"Grimes County, Texas",48185,58
1465,"Guadalupe County, Texas",48187,66
1466,"Hale County, Texas",48189,185
1467,"Hardin County, Texas",48199,61
1468,"Harris County, Texas",48201,61
1469,"Harrison County, Texas",48203,67
1470,"Hays County, Texas",48209,66
1471,"Henderson County, Texas",48213,65
1472,"Hidalgo County, Texas",48215,60
1473,"Hill County, Texas",48217,66
1474,"Hockley County, Texas",48219,185
1475,"Hood County, Texas",48221,65
1476,"Hopkins County, Texas",48223,65
1477,"Hunt County, Texas",48231,65
1478,"Jasper County, Texas",48241,61
1479,"Jefferson County, Texas",48245,61
1480,"Jim Wells County, Texas",48249,64
1481,"Johnson County, Texas",48251,65
1482,"Jones County, Texas",48253,184
1483,"Kaufman County, Texas",48257,65
1484,"Kendall County, Texas",48259,66
1485,"Lampasas County, Texas",48281,66
1486,"Liberty County, Texas",48291,61
1487,"Lynn County, Texas",48305,185
1488,"McLennan County, Texas",48309,66
1489,"Medina County, Texas",48325,66
1490,"Midland County, Texas",48329,62
1491,"Montgomery County, Texas",48339,61
1492,"Morris County, Texas",48343,186
1493,"Nacogdoches County, Texas",48347,187
1494,"Navarro County, Texas",48349,65
1495,"Newton County, Texas",48351,61
1496,"Nueces County, Texas",48355,64
1497,"Orange County, Texas",48361,61
1498,"Palo Pinto County, Texas",48363,65
1499,"Parker County, Texas",48367,65
1500,"Potter County, Texas",48375,63
1501,"Randall County, Texas",48381,63
1502,"Red River County, Texas",48387,188
1503,"Robertson County, Texas",48395,58
1504,"Rockwall County, Texas",48397,65
1505,"Rusk County, Texas",48401,67
1506,"San Jacinto County, Texas",48407,61
1507,"San Patricio County, Texas",48409,64
1508,"Smith County, Texas",48423,65
1509,"Tarrant County, Texas",48439,65
1510,"Travis County, Texas",48453,66
1511,"Upshur County, Texas",48459,67
1512,"Van Zandt County, Texas",48467,65
1513,"Victoria County, Texas",48469,189
1514,"Waller County, Texas",48473,61
1515,"Wharton County, Texas",48481,61
1516,"Williamson County, Texas",48491,66
1517,"Wilson County, Texas",48493,66
1518,"Wise County, Texas",48497,65
1519,"Box Elder County, Utah",49003,68
1520,"Cache County, Utah",49005,68
1521,"Davis County, Utah",49011,68
1522,"Duchesne County, Utah",49013,190
1523,"Emery County, Utah",49015,191
1524,"Juab County, Utah",49023,68
1525,"Morgan County, Utah",49029,68
1526,"Salt Lake County, Utah",49035,68
1527,"Summit County, Utah",49043,68
1528,"Tooele County, Utah",49045,68
1529,"Utah County, Utah",49049,68
1530,"Wasatch County, Utah",49051,68
1531,"Weber County, Utah",49057,68
1532,"Addison County, Vermont",50001,69
1533,"Bennington County, Vermont",50003,69
1534,"Caledonia County, Vermont",50005,69
1535,"Chittenden County, Vermont",50007,69
1536,"Essex County, Vermont",50009,69
1537,"Franklin County, Vermont",50011,69
1538,"Grand Isle County, Vermont",50013,69
1539,"Lamoille County, Vermont",50015,69
1540,"Orange County, Vermont",50017,69
1541,"Orleans County, Vermont",50019,69
1542,"Rutland County, Vermont",50021,69
1543,"Washington County, Vermont",50023,69
1544,"Windham County, Vermont",50025,49
1545,"Windsor County, Vermont",50027,69
1546,"Albemarle County, Virginia",51003,73
1547,"Amherst County, Virginia",51009,72
1548,"Appomattox County, Virginia",51011,72
1549,"Arlington County, Virginia",51013,25
1550,"Augusta County, Virginia",51015,74
1551,"Bedford County, Virginia",51019,72
1552,"Botetourt County, Virginia",51023,72
1553,"Campbell County, Virginia",51031,72
1554,"Caroline County, Virginia",51033,25
1555,"Charles City County, Virginia",51036,73
1556,"Chesterfield County, Virginia",51041,73
1557,"Clarke County, Virginia",51043,25
1558,"Culpeper County, Virginia",51047,25
1559,"Dinwiddie County, Virginia",51053,73
1560,"Fairfax County, Virginia",51059,25
1561,"Fauquier County, Virginia",51061,25
1562,"Floyd County, Virginia",51063,72
1563,"Fluvanna County, Virginia",51065,73
1564,"Franklin County, Virginia",51067,72
1565,"Frederick County, Virginia",51069,25
1566,"Giles County, Virginia",51071,72
1567,"Gloucester County, Virginia",51073,71
1568,"Goochland County, Virginia",51075,73
1569,"Greene County, Virginia",51079,73
1570,"Greensville County, Virginia",51081,192
1571,"Hanover County, Virginia",51085,73
1572,"Henrico County, Virginia",51087,73
1573,"Henry County, Virginia",51089,70
1574,"Isle of Wight County, Virginia",51093,71
1575,"James City County, Virginia",51095,71
1576,"King William County, Virginia",51101,73
1577,"Lee County, Virginia",51105,195
1578,"Loudoun County, Virginia",51107,25
1579,"Louisa County, Virginia",51109,73
1580,"Montgomery County, Virginia",51121,72
1581,"Nelson County, Virginia",51125,73
1582,"New Kent County, Virginia",51127,73
1583,"Page County, Virginia",51139,74
1584,"Pittsylvania County, Virginia",51143,72
1585,"Powhatan County, Virginia",51145,73
1586,"Prince George County, Virginia",51149,73
1587,"Prince William County, Virginia",51153,25
1588,"Pulaski County, Virginia",51155,72
1589,"Roanoke County, Virginia",51161,72
1590,"Rockbridge County, Virginia",51163,193
1591,"Rockingham County, Virginia",51165,74
1592,"Scott County, Virginia",51169,55
1593,"Shenandoah County, Virginia",51171,25
1594,"Southampton County, Virginia",51175,194
1595,"Spotsylvania County, Virginia",51177,25
1596,"Stafford County, Virginia",51179,25
1597,"Warren County, Virginia",51187,25
1598,"Washington County, Virginia",51191,55
1599,"Wise County, Virginia",51195,195
1600,"York County, Virginia",51199,71
1601,"Alexandria city, Virginia",51510,25
1602,"Bristol city, Virginia",51520,55
1603,"Charlottesville city, Virginia",51540,73
1604,"Chesapeake city, Virginia",51550,71
1605,"Colonial Heights city, Virginia",51570,73
1606,"Covington city, Virginia",51580,196
1607,"Danville city, Virginia",51590,72
1608,"Fairfax city, Virginia",51600,25
1609,"Falls Church city, Virginia",51610,25
1610,"Hampton city, Virginia",51650,71
1611,"Harrisonburg city, Virginia",51660,74
1612,"Hopewell city, Virginia",51670,73
1613,"Lynchburg city, Virginia",51680,72
1614,"Manassas city, Virginia",51683,25
1615,"Manassas Park city, Virginia",51685,25
1616,"Martinsville city, Virginia",51690,70
1617,"Newport News city, Virginia",51700,71
1618,"Norfolk city, Virginia",51710,71
1619,"Petersburg city, Virginia",51730,73
1620,"Poquoson city, Virginia",51735,71
1621,"Portsmouth city, Virginia",51740,71
1622,"Radford city, Virginia",51750,72
1623,"Richmond city, Virginia",51760,73
1624,"Roanoke city, Virginia",51770,72
1625,"Salem city, Virginia",51775,72
1626,"Staunton city, Virginia",51790,74
1627,"Suffolk city, Virginia",51800,71
1628,"Virginia Beach city, Virginia",51810,71
1629,"Waynesboro city, Virginia",51820,74
1630,"Asotin County, Washington",53003,75
1631,"Benton County, Washington",53005,77
1632,"Chelan County, Washington",53007,76
1633,"Clark County, Washington",53011,45
1634,"Cowlitz County, Washington",53015,45
1635,"Douglas County, Washington",53017,76
1636,"Franklin County, Washington",53021,77
1637,"Grays Harbor County, Washington",53027,79
1638,"Island County, Washington",53029,79
1639,"King County, Washington",53033,79
1640,"Kitsap County, Washington",53035,79
1641,"Lewis County, Washington",53041,79
1642,"Lincoln County, Washington",53043,78
1643,"Mason County, Washington",53045,79
1644,"Pierce County, Washington",53053,79
1645,"Skagit County, Washington",53057,79
1646,"Skamania County, Washington",53059,45
1647,"Snohomish County, Washington",53061,79
1648,"Spokane County, Washington",53063,78
1649,"Stevens County, Washington",53065,78
1650,"Thurston County, Washington",53067,79
1651,"Whatcom County, Washington",53073,79
1652,"Barbour County, West Virginia",54001,197
1653,"Berkeley County, West Virginia",54003,25
1654,"Boone County, West Virginia",54005,80
1655,"Brooke County, West Virginia",54009,48
1656,"Cabell County, West Virginia",54011,80
1657,"Fayette County, West Virginia",54019,80
1658,"Grant County, West Virginia",54023,198
1659,"Hampshire County, West Virginia",54027,25
1660,"Hancock County, West Virginia",54029,48
1661,"Harrison County, West Virginia",54033,48
1662,"Jackson County, West Virginia",54035,80
1663,"Jefferson County, West Virginia",54037,25
1664,"Kanawha County, West Virginia",54039,80
1665,"Lincoln County, West Virginia",54043,80
1666,"Marion County, West Virginia",54049,48
1667,"Marshall County, West Virginia",54051,48
1668,"Mason County, West Virginia",54053,162
1669,"Mercer County, West Virginia",54055,199
1670,"Mineral County, West Virginia",54057,48
1671,"Mingo County, West Virginia",54059,123
1672,"Monongalia County, West Virginia",54061,48
1673,"Monroe County, West Virginia",54063,72
1674,"Ohio County, West Virginia",54069,48
1675,"Preston County, West Virginia",54077,48
1676,"Putnam County, West Virginia",54079,80
1677,"Raleigh County, West Virginia",54081,80
1678,"Ritchie County, West Virginia",54085,81
1679,"Taylor County, West Virginia",54091,48
1680,"Wayne County, West Virginia",54099,80
1681,"Wood County, West Virginia",54107,81
1682,"Adams County, Wisconsin",55001,82
1683,"Ashland County, Wisconsin",55003,82
1684,"Barron County, Wisconsin",55005,133
1685,"Bayfield County, Wisconsin",55007,82
1686,"Brown County, Wisconsin",55009,82
1687,"Buffalo County, Wisconsin",55011,133
1688,"Burnett County, Wisconsin",55013,133
1689,"Calumet County, Wisconsin",55015,82
1690,"Chippewa County, Wisconsin",55017,133
1691,"Clark County, Wisconsin",55019,82
1692,"Columbia County, Wisconsin",55021,82
1693,"Crawford County, Wisconsin",55023,82
1694,"Dane County, Wisconsin",55025,82
1695,"Dodge County, Wisconsin",55027,82
1696,"Door County, Wisconsin",55029,82
1697,"Douglas County, Wisconsin",55031,133
1698,"Dunn County, Wisconsin",55033,133
1699,"Eau Claire County, Wisconsin",55035,133
1700,"Florence County, Wisconsin",55037,82
1701,"Fond du Lac County, Wisconsin",55039,82
1702,"Grant County, Wisconsin",55043,82
1703,"Green County, Wisconsin",55045,82
1704,"Green Lake County, Wisconsin",55047,82
1705,"Iowa County, Wisconsin",55049,82
1706,"Iron County, Wisconsin",55051,200
1707,"Jackson County, Wisconsin",55053,133
1708,"Jefferson County, Wisconsin",55055,82
1709,"Juneau County, Wisconsin",55057,82
1710,"Kenosha County, Wisconsin",55059,82
1711,"Kewaunee County, Wisconsin",55061,82
1712,"La Crosse County, Wisconsin",55063,133
1713,"Lafayette County, Wisconsin",55065,82
1714,"Lincoln County, Wisconsin",55069,82
1715,"Manitowoc County, Wisconsin",55071,82
1716,"Marathon County, Wisconsin",55073,82
1717,"Marinette County, Wisconsin",55075,82
1718,"Marquette County, Wisconsin",55077,82
1719,"Milwaukee County, Wisconsin",55079,82
1720,"Monroe County, Wisconsin",55081,133
1721,"Oconto County, Wisconsin",55083,82
1722,"Oneida County, Wisconsin",55085,82
1723,"Outagamie County, Wisconsin",55087,82
1724,"Ozaukee County, Wisconsin",55089,82
1725,"Pepin County, Wisconsin",55091,133
1726,"Pierce County, Wisconsin",55093,133
1727,"Polk County, Wisconsin",55095,133
1728,"Portage County, Wisconsin",55097,82
1729,"Price County, Wisconsin",55099,82
1730,"Racine County, Wisconsin",55101,82
1731,"Richland County, Wisconsin",55103,82
1732,"Rock County, Wisconsin",55105,82
1733,"Rusk County, Wisconsin",55107,133
1734,"St. Croix County, Wisconsin",55109,133
1735,"Sauk County, Wisconsin",55111,82
1736,"Sawyer County, Wisconsin",55113,133
1737,"Shawano County, Wisconsin",55115,82
1738,"Sheboygan County, Wisconsin",55117,82
1739,"Trempealeau County, Wisconsin",55121,133
1740,"Vernon County, Wisconsin",55123,133
1741,"Vilas County, Wisconsin",55125,82
1742,"Walworth County, Wisconsin",55127,82
1743,"Washburn County, Wisconsin",55129,133
1744,"Washington County, Wisconsin",55131,82
1745,"Waukesha County, Wisconsin",55133,82
1746,"Waupaca County, Wisconsin",55135,82
1747,"Waushara County, Wisconsin",55137,82
1748,"Winnebago County, Wisconsin",55139,82
1749,"Wood County, Wisconsin",55141,82
1750,"Converse County, Wyoming",56009,201
1751,"Lincoln County, Wyoming",56023,107
1752,"Uinta County, Wyoming",56041,202
1753,"Weston County, Wyoming",56045,201
1754,"Aguada Municipio, Puerto Rico",72003,203
1755,"Aguas Buenas Municipio, Puerto Rico",72007,84
1756,"AÃ±asco Municipio, Puerto Rico",72011,203
1757,"Arecibo Municipio, Puerto Rico",72013,84
1758,"Arroyo Municipio, Puerto Rico",72015,204
1759,"BayamÃ³n Municipio, Puerto Rico",72021,84
1760,"Cabo Rojo Municipio, Puerto Rico",72023,203
1761,"Caguas Municipio, Puerto Rico",72025,84
1762,"Camuy Municipio, Puerto Rico",72027,84
1763,"CanÃ³vanas Municipio, Puerto Rico",72029,84
1764,"Carolina Municipio, Puerto Rico",72031,84
1765,"CataÃ±o Municipio, Puerto Rico",72033,84
1766,"Cayey Municipio, Puerto Rico",72035,84
1767,"Ceiba Municipio, Puerto Rico",72037,205
1768,"Ciales Municipio, Puerto Rico",72039,84
1769,"Cidra Municipio, Puerto Rico",72041,84
1770,"Dorado Municipio, Puerto Rico",72051,84
1771,"Guayanilla Municipio, Puerto Rico",72059,83
1772,"Guaynabo Municipio, Puerto Rico",72061,84
1773,"Gurabo Municipio, Puerto Rico",72063,84
1774,"Hatillo Municipio, Puerto Rico",72065,84
1775,"Hormigueros Municipio, Puerto Rico",72067,203
1776,"Isabela Municipio, Puerto Rico",72071,203
1777,"Juana DÃ­az Municipio, Puerto Rico",72075,83
1778,"Juncos Municipio, Puerto Rico",72077,84
1779,"Lares Municipio, Puerto Rico",72081,84
1780,"Las Piedras Municipio, Puerto Rico",72085,206
1781,"LoÃ­za Municipio, Puerto Rico",72087,84
1782,"Luquillo Municipio, Puerto Rico",72089,205
1783,"Moca Municipio, Puerto Rico",72099,203
1784,"Naranjito Municipio, Puerto Rico",72105,84
1785,"Patillas Municipio, Puerto Rico",72109,204
1786,"PeÃ±uelas Municipio, Puerto Rico",72111,83
1787,"Ponce Municipio, Puerto Rico",72113,83
1788,"RÃ­o Grande Municipio, Puerto Rico",72119,84
1789,"Salinas Municipio, Puerto Rico",72123,204
1790,"San GermÃ¡n Municipio, Puerto Rico",72125,203
1791,"San Juan Municipio, Puerto Rico",72127,84
1792,"San Lorenzo Municipio, Puerto Rico",72129,84
1793,"Santa Isabel Municipio, Puerto Rico",72133,83
1794,"Toa Alta Municipio, Puerto Rico",72135,84
1795,"Toa Baja Municipio, Puerto Rico",72137,84
1796,"Trujillo Alto Municipio, Puerto Rico",72139,84
1797,"Vega Alta Municipio, Puerto Rico",72143,84
1798,"Vega Baja Municipio, Puerto Rico",72145,84
1799,"Villalba Municipio, Puerto Rico",72149,83
1800,"Yabucoa Municipio, Puerto Rico",72151,206
1801,"Yauco Municipio, Puerto Rico",72153,83
1802,"Troup County, Georgia",13285,1
1803,"Covington County, Alabama",01039,0
1804,"Pike County, Alabama",01109,0
1805,"Marion County, Alabama",01093,1
1806,"Anchorage Municipality, Alaska",02020,85
1807,"North Slope Borough, Alaska",02185,85
1808,"Navajo County, Arizona",04017,86
1809,"Santa Cruz County, Arizona",04023,87
1810,"Coconino County, Arizona",04005,87
1811,"Baxter County, Arkansas",05005,88
1812,"Boone County, Arkansas",05009,89
1813,"Independence County, Arkansas",05063,90
1814,"Pope County, Arkansas",05115,91
1815,"Mendocino County, California",06045,6
1816,"Alamosa County, Colorado",08003,92
1817,"Pitkin County, Colorado",08097,93
1818,"Gilpin County, Colorado",08047,7
1819,"Alachua County, Florida",12001,9
1820,"Columbia County, Florida",12023,94
1821,"Bay County, Florida",12005,95
1822,"Habersham County, Georgia",13137,11
1823,"Glynn County, Georgia",13127,9
1824,"Lowndes County, Georgia",13185,96
1825,"Chatham County, Georgia",13051,97
1826,"Thomas County, Georgia",13275,98
1827,"Franklin County, Georgia",13119,99
1828,"Dougherty County, Georgia",13095,100
1829,"Toombs County, Georgia",13279,101
1830,"Chattahoochee County, Georgia",13053,1
1831,"Ware County, Georgia",13299,102
1832,"Butte County, Idaho",16023,13
1833,"Madison County, Idaho",16065,103
1834,"Whitman County, Washington",53075,104
1835,"Blaine County, Idaho",16013,105
1836,"Malheur County, Oregon",41045,106
1837,"Teton County, Wyoming",56039,107
1838,"Vigo County, Indiana",18167,109
1839,"Coles County, Illinois",17029,108
1840,"Effingham County, Illinois",17049,108
1841,"Champaign County, Illinois",17019,109
1842,"McDonough County, Illinois",17109,110
1843,"Adams County, Illinois",17001,110
1844,"Des Moines County, Iowa",19057,110
1845,"Dubuque County, Iowa",19061,82
1846,"Knox County, Indiana",18083,111
1847,"McCracken County, Kentucky",21145,112
1848,"Jackson County, Illinois",17077,108
1849,"Clay County, Illinois",17025,108
1850,"Martin County, Indiana",18101,109
1851,"Dubois County, Indiana",18037,113
1852,"Wayne County, Indiana",18177,41
1853,"Webster County, Iowa",19187,114
1854,"Wapello County, Iowa",19179,118
1855,"Cerro Gordo County, Iowa",19033,115
1856,"Page County, Iowa",19145,116
1857,"Winnebago County, Iowa",19189,117
1858,"Poweshiek County, Iowa",19157,17
1859,"Jefferson County, Iowa",19101,118
1860,"Sioux County, Iowa",19167,119
1861,"Clay County, Iowa",19041,119
1862,"Buena Vista County, Iowa",19021,120
1863,"Carroll County, Iowa",19027,120
1864,"Marshall County, Iowa",19127,16
1865,"Crawford County, Kansas",20037,32
1866,"Saline County, Kansas",20169,121
1867,"Buchanan County, Missouri",29021,31
1868,"Ford County, Kansas",20057,122
1869,"Pike County, Kentucky",21195,123
1870,"Taylor County, Kentucky",21217,124
1871,"Daviess County, Kentucky",21059,125
1872,"Boyle County, Kentucky",21021,126
1873,"Simpson County, Kentucky",21213,22
1874,"Calcasieu Parish, Louisiana",22019,127
1875,"Rapides Parish, Louisiana",22079,127
1876,"Adams County, Mississippi",28001,128
1877,"Ouachita Parish, Louisiana",22073,129
1878,"Knox County, Maine",23013,49
1879,"Carroll County, New Hampshire",33003,49
1880,"Allegany County, Maryland",24001,48
1881,"Kent County, Maryland",24029,25
1882,"Berkshire County, Massachusetts",25003,69
1883,"Alpena County, Michigan",26007,42
1884,"Iosco County, Michigan",26069,42
1885,"Marquette County, Michigan",26103,130
1886,"Ogemaw County, Michigan",26129,42
1887,"Emmet County, Michigan",26047,26
1888,"Roscommon County, Michigan",26143,131
1889,"Baraga County, Michigan",26013,132
1890,"Mahnomen County, Minnesota",27087,133
1891,"Crow Wing County, Minnesota",27035,133
1892,"Martin County, Minnesota",27091,133
1893,"Cottonwood County, Minnesota",27033,133
1894,"Nobles County, Minnesota",27105,133
1895,"Pembina County, North Dakota",38067,134
1896,"Lyon County, Minnesota",27083,133
1897,"Pennington County, Minnesota",27113,135
1898,"Brown County, Minnesota",27015,133
1899,"Stevens County, Minnesota",27149,133
1900,"Lake County, Minnesota",27075,133
1901,"Leflore County, Mississippi",28083,136
1902,"Lee County, Mississippi",28081,137
1903,"Lauderdale County, Mississippi",28075,138
1904,"Tunica County, Mississippi",28143,54
1905,"Warren County, Mississippi",28149,29
1906,"Lafayette County, Mississippi",28071,139
1907,"Linn County, Missouri",29115,141
1908,"Taney County, Missouri",29213,140
1909,"Nodaway County, Missouri",29147,31
1910,"Barry County, Missouri",29009,140
1911,"Camden County, Missouri",29029,141
1912,"Mississippi County, Arkansas",05093,142
1913,"Pulaski County, Missouri",29169,143
1914,"Adair County, Missouri",29001,144
1915,"Yellowstone County, Montana",30111,145
1916,"Lewis and Clark County, Montana",30049,146
1917,"Missoula County, Montana",30063,147
1918,"Cascade County, Montana",30013,148
1919,"Madison County, Nebraska",31119,149
1920,"Hall County, Nebraska",31079,150
1921,"Platte County, Nebraska",31141,151
1922,"Yankton County, South Dakota",46135,152
1923,"Adams County, Nebraska",31001,153
1924,"Wayne County, Nebraska",31179,33
1925,"Red Willow County, Nebraska",31145,154
1926,"Eureka County, Nevada",32011,155
1927,"Eddy County, New Mexico",35015,156
1928,"Los Alamos County, New Mexico",35028,35
1929,"Curry County, New Mexico",35009,157
1930,"Clinton County, New York",36019,36
1931,"Jefferson County, New York",36045,36
1932,"Pasquotank County, North Carolina",37139,158
1933,"Craven County, North Carolina",37049,159
1934,"Dare County, North Carolina",37055,71
1935,"Lenoir County, North Carolina",37107,39
1936,"Scotland County, North Carolina",37165,39
1937,"Ward County, North Dakota",38101,160
1938,"Sargent County, North Dakota",38081,161
1939,"Athens County, Ohio",39009,162
1940,"Gallia County, Ohio",39053,162
1941,"Seward County, Kansas",20175,163
1942,"Comanche County, Oklahoma",40031,169
1943,"Custer County, Oklahoma",40039,169
1944,"Woodward County, Oklahoma",40153,164
1945,"Garfield County, Oklahoma",40047,165
1946,"Payne County, Oklahoma",40119,166
1947,"Carter County, Oklahoma",40019,167
1948,"Montgomery County, Kansas",20125,168
1949,"Kay County, Oklahoma",40071,43
1950,"Beckham County, Oklahoma",40009,169
1951,"Lane County, Oregon",41039,45
1952,"Deschutes County, Oregon",41017,170
1953,"Walla Walla County, Washington",53071,171
1954,"Greenwood County, South Carolina",45047,172
1955,"Davison County, South Dakota",46035,173
1956,"Brown County, South Dakota",46013,174
1957,"Codington County, South Dakota",46029,175
1958,"Brookings County, South Dakota",46011,176
1959,"Pennington County, South Dakota",46103,177
1960,"Hughes County, South Dakota",46065,178
1961,"Bell County, Kentucky",21013,179
1962,"McNairy County, Tennessee",47109,180
1963,"Putnam County, Tennessee",47141,181
1964,"Greene County, Tennessee",47059,55
1965,"Obion County, Tennessee",47131,182
1966,"Wichita County, Texas",48485,183
1967,"Taylor County, Texas",48441,184
1968,"Lubbock County, Texas",48303,185
1969,"Walker County, Texas",48471,61
1970,"Titus County, Texas",48449,186
1971,"Angelina County, Texas",48005,187
1972,"Kleberg County, Texas",48273,64
1973,"Lamar County, Texas",48277,188
1974,"Calhoun County, Texas",48057,189
1975,"Uintah County, Utah",49047,190
1976,"Carbon County, Utah",49007,191
1977,"Bedford city, Virginia",51515,72
1978,"Winchester city, Virginia",51840,25
1979,"Emporia city, Virginia",51595,192
1980,"Williamsburg city, Virginia",51830,71
1981,"Lexington city, Virginia",51678,193
1982,"Franklin city, Virginia",51620,194
1983,"King George County, Virginia",51099,25
1984,"Fredericksburg city, Virginia",51630,25
1985,"Norton city, Virginia",51720,195
1986,"Alleghany County, Virginia",51005,196
1987,"Yakima County, Washington",53077,77
1988,"Randolph County, West Virginia",54083,197
1989,"Hardy County, West Virginia",54031,198
1990,"Tazewell County, Virginia",51185,199
1991,"Logan County, West Virginia",54045,123
1992,"Taylor County, Wisconsin",55119,82
1993,"Dickinson County, Michigan",26043,82
1994,"Gogebic County, Michigan",26053,200
1995,"Langlade County, Wisconsin",55067,82
1996,"Campbell County, Wyoming",56005,201
1997,"Sweetwater County, Wyoming",56037,202
1998,"Aguadilla Municipio, Puerto Rico",72005,203
1999,"MayagÃ¼ez Municipio, Puerto Rico",72097,203
2000,"Barceloneta Municipio, Puerto Rico",72017,84
2001,"ManatÃ­ Municipio, Puerto Rico",72091,84
2002,"Guayama Municipio, Puerto Rico",72057,204
2003,"Fajardo Municipio, Puerto Rico",72053,205
2004,"Humacao Municipio, Puerto Rico",72069,206
